word,count
service,112
crew,105
flight,104
very,104
good,95
airways,87
british,86
customer,80
experience,60
friendly,59
cabin,51
excellent,40
ba,36
staff,34
food,34
great,28
seats,28
professional,25
overall,24
efficient,23
pleasant,22
not,21
seat,21
really,21
comfortable,21
attentive,19
all,15
this,15
helpful,14
nice,14
economy,13
again,13
flights,13
had,12
than,12
better,12
would,12
their,11
money,11
surprised,10
fantastic,10
polite,10
it,10
time,10
well,10
best,10
value,10
enjoyable,10
pleasantly,10
amazing,9
fly,9
class,9
no,9
so,9
recommend,9
first,9
positive,8
plane,8
they,8
job,8
its,8
club,8
premium,8
has,8
pay,8
little,8
extra,7
more,7
outstanding,7
worth,7
both,7
drinks,7
cost,7
need,7
short,7
legroom,7
we,7
still,6
seating,6
improvement,6
new,6
fine,6
superb,6
one,6
average,6
old,6
enough,6
meal,6
them,6
decent,6
been,6
happy,6
airline,6
lounge,6
board,6
went,6
product,6
fas,5
inflight,5
us,5
extremely,5
choice,5
kind,5
quite,5
me,5
attendants,5
ok,5
nothing,5
beyond,5
just,5
high,5
reasonable,5
fault,5
world,5
get,5
most,5
business,5
wonderful,5
pretty,5
did,4
always,4
could,4
low,4
will,4
welcome,4
looked,4
top,4
upgrade,4
bit,4
a380,4
your,4
bad,4
flying,4
room,4
thoroughly,4
return,4
breakfast,4
she,4
thank,4
airlines,4
provided,4
do,4
every,4
surprisingly,4
where,4
price,4
clean,4
satisfactory,4
way,4
trip,4
enjoyed,4
expected,4
onboard,4
downgraded,3
got,3
hit,3
easyjet,3
hand,3
everything,3
lovely,3
there,3
t5,3
level,3
leg,3
carriers,3
baggage,3
same,3
solid,3
uncomfortable,3
should,3
impressed,3
free,3
felt,3
definitely,3
other,3
passengers,3
check,3
expect,3
offer,3
absolutely,3
acceptable,3
avoid,3
unobtrusive,3
anything,3
feel,3
couldnt,3
selection,3
smooth,3
worn,3
make,3
what,3
paid,3
like,3
satisfied,3
complain,3
ive,3
small,3
pleased,3
continue,3
okay,3
help,3
quick,3
boeing,3
style,3
served,3
drink,3
right,3
tasty,3
game,3
dont,3
another,3
heathrow,3
boarding,3
improved,3
large,3
cramped,3
behind,3
disappointing,3
quality,3
huge,3
fare,3
standards,2
throughout,2
space,2
odd,2
impeccable,2
lunch,2
agent,2
special,2
perfectly,2
suite,2
using,2
expectations,2
superior,2
ways,2
appreciation,2
back,2
disappointed,2
deal,2
can,2
mixed,2
ryanair,2
ordinary,2
biggest,2
rather,2
sufficient,2
recent,2
exceptionally,2
competent,2
upgraded,2
treat,2
days,2
continues,2
detail,2
costcutting,2
inches,2
years,2
happily,2
impress,2
dated,2
competitors,2
miss,2
such,2
times,2
lacked,2
crews,2
slipping,2
configuration,2
cabins,2
amazingly,2
full,2
only,2
doing,2
problem,2
poor,2
exit,2
additional,2
care,2
date,2
comfort,2
competition,2
notch,2
upped,2
aspects,2
levels,2
select,2
attention,2
hard,2
welcoming,2
delight,2
reserve,2
cannot,2
arrivals,2
usual,2
haul,2
lhr,2
generally,2
amount,2
loyalty,2
made,2
generous,2
10,2
outdated,2
least,2
perfunctory,2
performance,2
hassle,2
that,2
flawless,2
cut,2
let,2
standard,2
attitude,2
exceptional,2
working,2
complaints,2
being,2
dreadful,2
improvements,2
member,2
impressive,2
faultless,2
asked,2
pitch,2
2,2
changed,2
book,2
offering,2
ever,2
air,2
dedicated,2
less,2
measure,2
courtesy,2
recommended,2
online,1
few,1
some,1
art,1
brusque,1
worked,1
absurd,1
speedy,1
aboveandbeyond,1
slow,1
flowers,1
ready,1
utmost,1
par,1
falls,1
747,1
used,1
day,1
even,1
ahead,1
whether,1
highly,1
two,1
refunded,1
lack,1
present,1
magnificent,1
appreciate,1
shabby,1
tend,1
act,1
tastes,1
grateful,1
within,1
leather,1
helping,1
promise,1
perfect,1
entirely,1
set,1
greatest,1
traveller,1
incredible,1
crisps,1
showing,1
3,1
sandwich,1
asking,1
staff2,1
inappropriate,1
halves,1
touch,1
particular,1
sure,1
option,1
situation,1
keen,1
determined,1
sleeping,1
roomy,1
freezing,1
shout,1
typical,1
couple,1
cant,1
fallen,1
charity,1
variable,1
pleasure,1
postflight,1
reduction,1
stick,1
bas,1
pleasurable,1
collection,1
thanks,1
343,1
saved,1
man,1
seemed,1
totally,1
excelled,1
none,1
forget,1
remain,1
lesson,1
presented,1
stay,1
cutting,1
wines,1
a320,1
improving,1
how,1
main,1
terrific,1
disappointment,1
learned,1
wow,1
ignored,1
turned,1
energetic,1
motivated,1
amiable,1
shined,1
difficult,1
please,1
soon,1
diming,1
1010,1
courteous,1
tasted,1
four,1
needed,1
too,1
hostess,1
dish,1
carte,1
occasion,1
terminal,1
mainline,1
person,1
major,1
become,1
normal,1
professionally,1
bus,1
31,1
charging,1
overnight,1
direct,1
myself,1
say,1
upgrades,1
sterling,1
handled,1
questioning,1
pulling,1
preselected,1
miserly,1
ife,1
deck,1
specific,1
narrower,1
nicest,1
course,1
plus,1
these,1
expensive,1
left,1
outrageous,1
vault,1
fast,1
purchase,1
nickel,1
unable,1
journeys,1
suffered,1
chaos,1
waste,1
cheap,1
whenever,1
needs,1
bunches,1
europe,1
team,1
decline,1
cheaper,1
close,1
problems,1
emirates,1
indeed,1
uneventful,1
trolley,1
roll,1
chatting,1
assets,1
promptly,1
otherwise,1
thing,1
night,1
when,1
wait,1
loved,1
approachable,1
certainly,1
perhaps,1
late,1
kindness,1
catching,1
increasingly,1
prereserve,1
charges,1
desk,1
move,1
im,1
varies,1
dirty,1
round,1
without,1
ground,1
each,1
immaculate,1
inline,1
provide,1
retained,1
rapidly,1
use,1
different,1
any,1
choices,1
ball,1
live,1
arm,1
usually,1
listening,1
professionalism,1
city,1
miserable,1
replacing,1
charge,1
clearly,1
wine,1
dinner,1
does,1
now,1
assistance,1
possible,1
difference,1
scruffy,1
worst,1
host,1
whole,1
hitormiss,1
prompt,1
favourite,1
vegetarian,1
our,1
things,1
long,1
declined,1
unlimited,1
private,1
wake,1
connections,1
second,1
revaluate,1
cordial,1
brilliant,1
choose,1
done,1
pole,1
while,1
journey,1
quarter,1
fairly,1
national,1
refurbishment,1
expectation,1
overwhelming,1
similar,1
stewardesses,1
finally,1
sale,1
window,1
relaxing,1
consider,1
together,1
write,1
treated,1
ask,1
badly,1
looking,1
minimal,1
age,1
hopeless,1
choosing,1
isnt,1
films,1
lived,1
expecting,1
chatty,1
simply,1
tall,1
747s,1
mighty,1
legs,1
passed,1
much,1
clear,1
hadnt,1
friendliness,1
effortless,1
impossible,1
further,1
luxurious,1
ruined,1
justified,1
wasnt,1
salad,1
spacious,1
restored,1
adequate,1
disgraceful,1
suites,1
singapore,1
getting,1
sound,1
personnel,1
dislike,1
embarrassing,1
attendents,1
slipped,1
overly,1
tremendous,1
interior,1
climbing,1
decided,1
here,1
updating,1
website,1
affects,1
faith,1
personal,1
experiences,1
budget,1
savings,1
paying,1
eventually,1
case,1
feels,1
restricted,1
trouble,1
slick,1
tinted,1
call,1
enthusiastic,1
snack,1
20,1
once,1
arrival,1
spotless,1
sets,1
777200,1
significantly,1
issue,1
absolute,1
state,1
theres,1
natured,1
therefore,1
matteroffact,1
assist,1
heartily,1
postcovid,1
tickets,1
delightful,1
found,1
bag,1
poorly,1
remains,1
distinctly,1
nicely,1
drastically,1
desired,1
mostly,1
domestic,1
sticking,1
change,1
awesome,1
incredibly,1
unpleasant,1
easy,1
direction,1
shorthaul,1
gesture,1
dining,1
aircraft,1
representative,1
changes,1
think,1
opinion,1
justify,1
costs,1
home,1
excessive,1
ambience,1
exemplary,1
returned,1
organised,1
shall,1
e190,1
older,1
smart,1
a321,1
downgrade,1
presentation,1
standout,1
flown,1
charming,1
either,1
vueling,1
looks,1
privacy,1
cases,1
knowledgeable,1
qatar,1
lacking,1
enthusiasm,1
memorable,1
disappoint,1
busy,1
modern,1
seamless,1
her,1
son,1
sector,1
sectors,1
evident,1
credit,1
rules,1
barely,1
767,1
plenty,1
carrier,1
side,1
id,1
promised,1
exceed,1
layout,1
tired,1
luggage,1
truly,1
crummy,1
la,1
hop,1
strange,1
seem,1
reminded,1
row,1
last,1
factor,1
affair,1
complete,1
also,1
cleaned,1
upbeat,1
cleanliness,1
decision,1
convenient,1
unexpectedly,1
payment,1
dismayed,1
keep,1
manage,1
cutbacks,1
pasta,1
stop,1
mojo,1
clockwork,1
aspect,1
start,1
likely,1
minute,1
almost,1
policy,1
offered,1
windows,1
underwhelming,1
big,1
inconsistency,1
showed,1
virtually,1
gratitude,1
