OverallRating,SentimentScore,count
4.9,-0.5256,1
1.4,-0.4588,1
3.7,-0.1027,2
8.6,0.4754,1
7.7,0.7925,1
8.1,0.659,1
2.7,0.4576,1
0.4,-0.296,2
10.0,0.4019,2
4.4,-0.2732,1
7.6,0.5106,1
7.4,0.6249,1
2.8,0.1027,1
3.8,-0.2584,1
6.5,0.4404,1
7.8,0.6369,1
6.8,-0.3182,1
8.2,0.3612,1
3.4,0.4019,1
3.6,-0.7717,1
2.3,-0.7003,1
2.2,0.0,11
1.8,0.0,21
1.2,-0.4927,1
2.7,-0.5423,2
0.2,-0.3182,2
3.8,0.4939,1
6.8,-0.4019,1
4.3,-0.128,1
2.9,-0.2596,1
2.5,0.0258,1
0.8,-0.5719,1
3.7,0.4215,1
7.4,0.4939,2
5.0,-0.5413,1
0.3,-0.3612,1
8.3,0.4019,1
2.8,0.4939,1
7.0,0.7688,1
1.6,-0.296,1
6.3,0.0258,1
2.8,0.4215,1
8.8,0.5719,2
7.0,-0.1695,1
7.3,0.4404,2
8.9,-0.296,1
1.3,0.4215,1
8.4,0.0,8
3.1,-0.6124,1
3.1,-0.3818,1
8.8,0.4404,1
2.9,-0.4215,2
2.6,0.4005,1
7.2,0.34,1
7.0,0.6249,1
3.5,-0.6269,1
5.8,0.4404,1
8.0,0.5106,1
6.8,0.5413,1
6.2,0.3182,1
6.5,0.5574,1
6.8,0.4215,1
3.5,0.3612,1
1.7,-0.2263,1
0.8,-0.2716,1
6.4,0.2732,1
0.9,0.5423,1
6.1,0.5106,1
6.1,0.7269,1
4.7,0.5719,1
6.3,0.5563,1
7.2,0.6124,1
1.9,-0.128,1
1.5,0.34,2
5.3,0.2732,1
6.2,0.5423,1
8.2,0.34,1
0.5,-0.1695,1
5.3,0.0,7
7.4,0.6269,1
6.3,-0.3252,1
3.7,-0.6249,1
0.8,-0.5256,1
0.9,-0.765,1
4.1,0.0,9
8.0,0.6249,1
7.6,0.4404,2
9.7,0.5423,1
9.6,0.4927,2
1.4,0.0772,1
4.1,0.4256,1
3.0,0.2732,1
6.0,-0.4939,1
6.3,-0.4588,1
1.5,-0.4767,1
2.4,-0.5423,1
9.2,0.4201,1
9.7,0.6908,1
6.1,-0.3089,1
7.5,0.5106,2
2.5,-0.4767,4
8.0,0.0,8
2.4,-0.4939,1
2.4,0.2263,1
7.8,0.5719,1
8.5,0.5719,1
6.9,0.5106,2
0.3,-0.4588,1
1.3,-0.3612,1
9.5,0.3089,2
1.0,-0.4201,1
8.0,0.6124,1
1.7,-0.3804,1
10.0,-0.2755,1
10.0,0.5563,5
7.7,0.2023,1
1.5,-0.2755,2
5.9,0.4404,1
1.7,0.0382,1
7.5,0.5719,1
5.1,0.5563,1
5.4,0.3612,1
9.5,0.0,4
3.8,0.0,13
1.6,-0.3818,2
5.3,-0.4939,1
1.3,-0.3182,1
7.6,0.6486,2
7.3,0.2023,2
1.8,-0.34,1
0.2,0.1313,1
6.4,-0.4927,1
8.2,0.6249,2
5.8,-0.296,1
8.1,0.2023,1
9.0,0.7506,1
8.5,0.6369,1
2.1,-0.2584,1
3.5,-0.7351,1
2.9,-0.3182,2
7.3,-0.6249,1
2.1,-0.7233,1
7.5,-0.128,1
2.6,0.4019,1
7.4,0.3252,1
9.9,0.5563,2
4.6,-0.2584,1
2.4,-0.1027,1
5.0,-0.3724,1
1.5,0.296,1
1.4,-0.6249,3
7.4,0.5859,1
1.2,-0.6597,1
0.3,-0.2732,1
4.0,-0.3353,1
2.9,-0.1779,1
0.6,-0.6249,1
4.6,-0.3818,1
2.0,-0.3182,2
1.4,-0.2732,1
5.9,-0.5106,1
2.7,0.2263,1
2.4,-0.4767,1
8.2,0.5719,1
5.6,0.552,1
8.1,0.5106,2
2.3,-0.3182,1
0.6,-0.3818,1
3.0,-0.802,1
10.0,0.34,1
3.2,0.0,13
1.1,-0.5563,1
7.8,0.6124,1
7.5,0.3612,1
1.9,-0.4215,1
0.4,-0.5233,1
5.8,0.5563,1
8.0,0.4215,1
4.0,0.6124,1
3.6,-0.4767,3
3.6,0.4588,1
1.1,0.2263,1
0.0,-0.296,1
6.2,0.6486,1
8.1,0.5859,1
5.9,0.1779,1
2.4,-0.5719,1
1.7,-0.2411,1
1.9,-0.1511,1
2.2,-0.4201,1
7.4,0.431,1
3.0,-0.4449,1
4.4,-0.4939,1
10.0,0.7579,1
1.2,0.0,18
2.0,-0.4215,1
1.2,-0.4767,1
6.6,0.6486,1
3.4,-0.34,1
2.8,-0.1695,1
1.1,-0.1027,1
6.3,0.3724,1
4.0,0.2023,1
2.3,-0.5423,1
0.8,0.2023,1
1.6,-0.3875,2
4.6,-0.2075,1
3.2,0.34,1
1.8,-0.4767,1
3.8,-0.3612,1
1.0,-0.5095,1
2.8,-0.1027,1
3.7,-0.3804,1
3.3,-0.4767,1
7.3,0.6486,1
9.3,0.5095,1
2.1,-0.1695,1
3.9,-0.1695,1
4.4,-0.5413,1
8.9,0.5106,2
3.9,0.4703,1
0.6,0.296,1
9.9,0.5574,1
1.4,-0.2755,2
7.1,0.2263,2
7.7,0.6486,1
6.0,0.5574,1
2.5,-0.2732,2
8.0,0.4019,1
2.7,-0.128,1
10.0,0.0762,1
3.7,-0.3612,1
9.6,0.4754,1
1.4,-0.5849,1
4.3,-0.5106,1
9.2,0.4754,1
4.0,-0.7351,1
9.9,0.4939,1
4.2,0.4215,1
6.8,0.3089,1
1.1,-0.4391,1
1.3,-0.4588,1
9.3,0.4101,1
7.7,0.6652,1
0.6,-0.5423,1
7.1,0.4754,1
2.0,0.4588,1
4.2,-0.1027,1
0.7,0.4588,1
3.3,0.7906,1
3.1,-0.2263,1
4.1,-0.5719,1
0.1,-0.3182,1
9.8,0.7184,1
8.8,0.4019,1
9.1,0.6115,1
3.9,0.0258,1
1.6,-0.4588,1
0.9,-0.128,1
1.3,-0.6249,1
6.2,0.4927,1
1.0,-0.3089,1
2.1,-0.6249,2
4.0,-0.3818,1
1.9,-0.6597,1
2.5,-0.6113,1
1.2,-0.5678,1
6.7,0.6597,1
7.9,0.4588,1
2.6,-0.1695,1
7.2,-0.1027,1
7.1,0.4927,2
4.7,-0.4101,1
7.8,-0.3612,2
1.8,0.5096,1
8.0,0.5379,1
3.7,-0.2023,1
8.9,0.6369,1
9.8,0.6115,1
5.6,-0.5267,1
9.5,0.8225,1
6.7,-0.3584,1
10.0,0.4939,2
7.4,-0.2315,1
0.7,-0.3182,1
9.6,0.5994,1
5.0,-0.3818,1
10.0,0.656,1
3.8,-0.7096,1
5.0,-0.1779,1
3.8,-0.2023,1
3.4,-0.4391,1
4.0,0.6908,1
2.0,0.3182,1
0.6,-0.3412,1
1.3,-0.8661,1
9.6,0.5574,1
6.7,0.4404,1
9.9,-0.4404,1
1.3,-0.5256,4
1.5,-0.2411,1
4.6,-0.296,1
7.7,-0.296,1
0.8,-0.2755,1
2.5,-0.6437,1
9.3,0.624,1
7.7,-0.4939,1
9.8,0.6124,1
8.1,0.624,1
9.5,0.5994,1
10.0,0.5859,3
6.0,0.4754,1
8.6,0.4391,1
0.8,-0.5413,1
6.1,-0.296,1
1.1,-0.4576,1
10.0,0.4927,4
3.6,0.04,1
6.5,-0.5256,1
4.1,-0.1695,1
8.4,0.6369,1
2.1,-0.5256,1
0.7,-0.5256,1
2.0,0.4404,2
0.5,0.6369,1
0.1,-0.4015,1
3.7,-0.4767,2
8.1,0.0953,1
9.4,0.5574,2
10.0,0.8316,1
1.3,-0.7351,1
1.6,-0.5423,2
7.9,0.5267,1
10.0,0.765,2
4.0,0.0516,1
2.0,-0.3679,1
3.6,-0.5859,1
3.6,0.3612,1
8.2,0.4404,2
0.8,-0.128,2
1.4,-0.3412,1
0.8,0.3818,1
2.8,-0.128,1
3.3,-0.5256,2
2.1,0.0772,1
9.4,0.5563,1
9.7,0.4767,1
7.3,0.3774,1
2.8,-0.3875,1
0.6,-0.128,1
8.1,0.5025,1
7.4,0.7269,1
3.5,0.2235,1
1.6,-0.4391,1
3.1,-0.5106,1
7.3,-0.3008,1
1.6,-0.5563,1
1.2,-0.5267,1
7.2,0.2382,1
7.1,-0.3875,1
5.6,-0.3818,1
9.6,0.6269,1
4.9,-0.3875,1
2.1,-0.3724,1
2.0,0.0772,1
6.8,0.3804,1
1.7,-0.1935,1
0.2,-0.4767,1
2.0,0.2263,1
7.2,0.5859,1
7.9,0.1531,1
5.6,-0.2732,1
1.5,-0.2023,1
1.4,-0.8316,1
5.1,-0.5334,1
7.5,0.4927,1
6.3,-0.5583,1
0.2,-0.7906,1
4.7,0.3818,1
5.4,0.7269,1
3.2,-0.4201,1
3.3,0.0762,1
9.2,0.7184,1
4.1,0.2579,1
3.4,-0.4877,1
8.7,0.7688,1
1.1,-0.6865,1
3.4,-0.0772,1
0.4,-0.1695,1
3.2,0.0772,1
0.9,-0.4201,2
1.3,0.128,1
9.1,0.5413,1
1.9,-0.4576,1
9.4,0.4271,1
3.1,-0.5719,1
8.5,0.5563,2
4.0,-0.5413,1
10.0,0.5367,1
4.0,0.4588,1
9.7,0.4201,1
0.3,-0.6597,1
3.8,-0.4877,1
4.7,-0.4416,1
2.9,-0.6369,1
2.9,0.6705,1
4.2,-0.4391,1
9.9,0.7096,1
7.6,-0.2263,1
7.7,0.3241,1
6.0,0.7688,1
9.4,0.4927,1
9.8,0.6239,1
6.1,0.4019,1
9.4,0.4754,1
8.6,0.6124,1
1.5,-0.5859,1
8.7,0.7184,1
1.7,-0.2755,2
9.2,0.7688,1
2.1,-0.4754,1
10.0,0.6269,1
9.9,0.7184,1
0.4,-0.0516,1
2.4,-0.3818,1
7.1,0.3804,1
7.2,-0.2732,1
7.1,0.2846,1
9.8,0.6705,1
2.3,0.6369,1
8.2,0.6369,1
0.2,-0.0258,1
7.9,0.4215,2
3.0,-0.5256,1
8.2,0.4927,2
0.6,0.1779,1
8.8,0.7096,1
0.3,-0.6588,1
1.6,0.5255,1
6.0,0.6597,1
0.1,-0.2411,1
6.9,0.5859,1
0.6,-0.0762,1
8.6,-0.5448,1
1.9,-0.5859,1
8.4,0.8297,1
6.0,-0.4391,1
1.4,-0.4389,1
0.0,-0.5849,1
3.4,-0.1511,1
2.1,-0.6597,1
8.8,0.3089,1
1.2,-0.2755,1
8.7,0.6908,1
8.8,-0.3412,1
5.3,0.4466,1
9.8,0.5574,1
7.5,0.7316,1
2.1,-0.5267,1
9.5,0.6705,1
7.8,-0.323,1
2.8,0.4951,1
4.6,0.5563,1
4.6,0.7351,1
2.4,-0.2411,1
2.0,-0.5095,1
0.2,0.6369,1
1.3,-0.2732,1
6.8,-0.34,1
0.2,-0.6318,1
0.3,-0.6361,1
0.9,-0.5358,1
8.3,0.7184,1
1.9,0.0516,1
1.3,-0.4576,1
8.3,0.4754,1
6.7,0.5413,1
6.7,0.7269,1
1.4,-0.2411,1
8.9,0.7717,1
4.6,0.2023,1
8.9,0.2382,1
8.2,0.5413,2
9.1,0.7184,1
9.0,0.7906,1
3.4,-0.1695,1
10.0,0.7184,1
1.1,-0.7096,1
10.0,0.7906,1
4.7,0.2057,1
1.2,-0.5095,1
2.8,0.4019,3
3.4,-0.5256,1
7.8,0.7269,1
5.8,0.7845,1
0.3,-0.624,1
3.9,-0.7818,1
1.7,0.6486,1
7.5,0.4754,1
9.4,0.5413,1
5.2,-0.4391,1
6.1,0.7845,1
8.9,0.7184,2
7.5,0.431,1
8.5,0.6115,1
2.7,-0.8283,1
1.3,-0.2755,1
1.4,-0.34,1
2.9,0.7351,1
1.2,-0.4877,1
1.2,-0.5256,1
0.9,0.0772,2
2.3,0.2748,1
2.2,-0.188,1
2.8,-0.3412,1
9.3,0.5994,1
1.5,-0.4023,1
1.4,-0.8481,1
9.9,0.5984,1
9.2,0.6124,1
1.9,-0.7096,1
10.0,0.3384,1
1.3,-0.4201,1
3.2,0.6666,1
5.0,-0.3804,1
7.1,0.6115,1
5.4,0.1786,1
7.8,0.4601,1
5.2,0.7089,1
6.1,0.7579,1
4.8,-0.7269,1
5.8,0.4201,1
8.7,0.7269,1
1.1,-0.1511,1
7.0,0.6779,1
9.4,0.7996,1
2.3,-0.5413,1
8.2,0.765,1
2.2,-0.5095,1
4.1,-0.4391,1
1.4,-0.7351,1
6.2,0.2111,1
0.1,0.3089,1
2.5,-0.4023,2
3.4,-0.3167,1
0.3,-0.5267,1
0.5,-0.4391,1
1.6,-0.7579,1
9.2,0.5859,1
7.5,0.6779,1
1.0,-0.101,1
9.0,0.6486,1
2.6,-0.2263,1
0.5,-0.4201,1
8.1,0.4703,1
0.3,-0.7184,1
3.6,-0.4585,1
4.6,-0.3804,1
8.8,0.7233,1
1.0,-0.5423,1
8.0,0.7184,1
7.2,0.743,1
8.0,0.6801,1
9.0,0.5267,1
0.0,-0.6115,1
8.2,0.7717,1
1.1,-0.34,1
1.7,-0.1511,1
9.7,0.5994,1
5.4,0.4199,1
6.7,-0.4228,1
6.5,-0.3875,1
9.6,0.3089,1
10.0,0.5709,1
9.1,0.2247,1
2.6,0.3252,1
1.0,0.4522,1
1.0,-0.2263,1
0.3,0.4914,1
7.0,0.1027,1
9.1,0.7485,1
3.4,-0.4201,1
1.1,-0.6808,1
2.6,-0.5095,1
4.1,-0.0516,1
2.8,-0.4389,1
10.0,0.7501,1
1.3,0.3252,1
1.2,0.0772,1
4.1,-0.2411,1
3.5,0.3597,1
7.5,0.4466,1
6.9,-0.43,1
7.5,0.7269,1
4.8,0.3008,1
2.0,-0.5267,1
8.8,0.6369,1
3.6,-0.4019,1
1.6,-0.5849,1
5.3,0.0564,1
10.0,0.5984,1
1.8,-0.2023,1
0.9,-0.6705,1
6.8,-0.1027,1
8.5,-0.1027,1
0.3,-0.2057,1
1.6,0.743,1
3.3,0.431,1
3.1,0.3875,1
3.3,-0.2755,1
4.0,0.5423,1
0.0,-0.2484,1
7.5,0.7096,1
5.8,0.5849,1
3.5,-0.6597,1
4.4,-0.4168,1
5.7,0.0,9
7.8,0.4215,1
5.4,-0.2732,1
1.1,0.5719,1
7.7,0.6124,1
2.1,0.0,14
8.5,0.6249,1
3.2,-0.5256,2
8.7,0.4939,1
2.0,-0.4767,1
0.1,-0.5256,2
4.9,-0.2732,1
3.5,-0.6249,3
9.5,0.6249,1
5.1,0.4939,1
0.0,-0.4767,2
9.0,0.5719,1
7.9,0.7964,1
7.9,0.5106,1
7.8,0.4939,2
3.4,0.2732,1
8.5,0.0,7
6.2,0.0,11
6.7,0.0,4
0.6,-0.3182,1
1.0,0.0,13
3.2,-0.296,1
1.5,-0.1695,1
4.0,0.0,11
1.3,-0.34,2
3.3,0.0,8
1.7,0.4939,1
9.1,0.4404,1
9.9,0.0,5
1.4,0.0,12
6.3,0.6249,1
8.6,0.4927,1
8.6,0.6249,1
7.9,0.2263,1
4.3,-0.3182,1
8.8,0.5106,2
6.6,0.0,6
9.1,0.5719,1
4.5,0.4215,1
4.3,0.0,9
0.5,0.0,7
7.3,0.5719,1
6.3,0.0,7
9.6,0.2023,1
3.4,0.0,16
2.4,0.0,16
10.0,0.6124,4
6.8,-0.5106,1
0.3,-0.2263,1
8.2,0.4939,1
8.5,0.4767,1
0.1,-0.6249,1
0.4,-0.5106,1
6.0,0.4215,1
1.7,-0.4939,2
7.9,0.6249,1
7.9,0.5719,1
1.6,-0.4939,1
7.3,-0.4404,1
6.3,0.4939,1
4.8,-0.4767,1
4.4,-0.5256,1
5.4,0.0,3
2.7,-0.296,1
1.8,0.5423,1
1.8,-0.6249,5
8.1,0.6249,1
9.1,0.5563,1
9.1,0.6249,1
0.0,0.0,7
10.0,0.3612,1
1.0,-0.4767,2
2.1,-0.4767,3
4.3,0.5106,1
4.9,-0.4588,1
1.6,0.0,28
10.0,0.6249,5
4.7,0.4404,1
7.4,0.4404,2
8.9,0.6124,1
0.7,-0.4588,1
4.6,0.0,4
8.0,0.5719,2
3.0,-0.4939,1
3.3,0.3182,1
9.3,0.5719,1
1.1,-0.4939,3
7.3,0.4754,1
4.6,0.3612,1
3.9,-0.2732,1
7.2,-0.1531,1
2.7,0.0,11
9.4,0.4939,1
1.2,-0.4588,1
6.9,0.0,4
0.7,0.1027,1
7.4,0.2023,1
7.0,-0.2732,1
2.7,-0.3612,3
0.9,-0.4588,1
7.7,0.4215,1
1.3,0.1695,1
3.2,-0.2755,1
1.0,-0.25,1
8.6,0.0,9
2.5,-0.4019,1
2.9,0.4215,1
4.7,-0.3182,1
2.4,-0.3612,2
5.6,0.0,10
4.3,-0.2263,1
2.4,-0.4391,2
9.7,0.3612,1
1.5,-0.4019,1
7.0,-0.296,1
8.7,0.6249,2
7.8,0.4019,1
8.1,0.4927,2
9.1,0.4215,1
4.7,0.0,5
7.4,0.0,10
5.1,-0.2584,1
9.8,0.762,1
9.4,0.4767,1
0.6,-0.3612,1
8.5,0.34,1
9.7,0.4588,1
1.9,0.0,15
1.0,-0.3818,1
2.7,0.4404,2
0.6,-0.2732,1
5.9,-0.2023,1
4.2,-0.4404,1
7.2,0.0,5
2.5,-0.5719,1
2.6,-0.4588,1
8.9,0.4404,2
7.4,0.3612,1
8.4,0.5563,1
2.2,-0.296,1
1.7,-0.296,2
6.1,0.0,9
5.0,-0.6369,1
2.3,-0.4767,2
0.7,-0.4767,1
4.4,0.2263,1
7.3,0.5574,2
0.4,-0.2755,1
5.9,0.0,6
6.9,0.5413,1
2.3,0.296,1
1.1,-0.6249,3
3.3,0.4404,1
3.9,-0.4939,2
0.8,0.0,15
6.7,-0.3182,1
2.9,-0.6249,1
1.2,-0.6249,3
7.8,0.3612,2
3.9,0.0,9
7.2,0.4404,4
1.3,-0.296,1
1.2,-0.4939,1
3.5,0.4939,1
1.9,0.4939,1
9.7,-0.3612,1
5.5,-0.296,1
7.1,-0.3818,1
8.2,0.4754,2
0.9,0.4767,1
1.5,-0.3818,1
9.9,0.6369,1
1.5,0.0,21
7.7,0.0,6
5.0,0.4404,1
2.6,-0.4939,2
8.9,0.6249,1
5.0,-0.1695,1
7.7,0.4404,2
3.0,0.0,14
1.1,-0.4767,2
2.9,-0.2732,1
3.9,-0.296,1
8.2,0.0,7
8.4,0.6249,1
4.0,-0.2755,2
1.5,-0.296,1
0.4,0.0,8
9.5,0.4939,1
7.7,-0.1531,1
7.3,0.4939,1
10.0,0.5719,8
1.6,-0.2263,1
7.8,0.4927,1
6.4,0.5719,1
1.3,-0.25,2
3.6,-0.296,1
5.4,-0.3182,1
9.2,-0.296,1
0.6,-0.4391,1
4.6,-0.4939,1
6.6,-0.4404,1
8.4,0.4404,7
1.9,-0.296,5
6.2,0.6124,1
0.2,0.0,12
7.7,0.3612,1
4.2,0.0,12
4.4,0.0,7
4.3,-0.296,1
4.6,0.5719,1
10.0,0.4767,1
2.7,-0.4404,1
5.3,0.4939,1
7.6,0.4215,2
4.1,-0.4767,1
7.8,0.4754,1
2.9,0.0,14
2.3,0.0,11
1.2,0.4404,1
1.5,-0.3089,1
1.2,-0.0258,1
1.2,0.3612,1
7.7,0.5563,1
5.1,0.0,7
0.5,-0.4767,1
1.8,0.3612,1
6.6,0.5719,1
4.0,-0.4019,1
2.8,-0.4767,4
0.9,-0.4939,1
3.2,-0.5423,2
9.9,0.4404,1
3.3,-0.4215,1
6.0,0.4404,1
1.0,-0.6249,3
10.0,0.0,26
0.4,-0.4767,2
3.1,-0.1027,1
7.5,-0.3182,1
3.6,0.0,15
7.0,0.0,14
8.0,0.5563,1
8.7,0.5719,2
2.3,-0.4215,1
5.2,-0.5859,1
8.4,0.4939,1
3.2,0.4588,1
9.8,0.0,6
8.7,0.4215,1
1.1,0.0,22
1.8,0.6369,1
9.8,0.2732,1
2.5,-0.3612,1
8.0,0.4404,4
0.3,0.0,12
0.1,0.0,14
6.3,0.4404,1
3.6,-0.4588,1
5.0,0.6249,1
0.6,-0.5106,1
0.5,-0.2023,1
4.5,0.0,7
8.1,0.4404,5
8.3,0.0,7
7.3,0.4767,1
8.9,0.5719,1
1.3,0.0,14
5.2,0.6369,1
4.7,-0.25,1
1.6,-0.3182,3
8.6,0.4588,1
7.7,0.4927,2
6.7,0.5106,1
9.5,0.5719,1
7.8,0.6249,1
1.1,-0.3612,2
6.8,0.0,8
9.6,0.6249,1
2.8,-0.25,1
5.8,-0.6249,1
5.1,-0.128,1
1.8,-0.3612,1
4.0,0.4404,1
5.1,-0.3182,1
9.2,0.6249,4
7.4,0.5719,2
7.2,0.4939,1
0.2,-0.4576,1
7.9,0.5563,1
7.8,0.4404,4
2.9,-0.4588,1
0.5,-0.25,1
5.4,0.4767,1
2.6,0.4588,1
9.0,0.5413,1
2.2,-0.4576,1
7.3,0.0,7
2.2,-0.4215,1
6.7,0.4215,1
1.6,0.5106,1
5.2,-0.4588,2
3.9,0.4404,1
0.3,-0.4939,1
8.6,0.4019,1
8.6,0.5574,3
6.3,0.4215,2
9.5,0.5106,1
2.8,0.0,6
0.9,0.0,9
5.5,0.0,8
6.1,0.4404,2
9.7,0.0,5
8.7,0.4588,1
9.0,0.5563,1
3.2,-0.5413,1
1.9,-0.4404,1
2.6,-0.3412,1
9.8,0.5106,1
2.3,-0.6249,1
1.2,-0.4404,1
7.6,0.5719,1
6.1,0.5719,1
9.8,0.5413,1
6.5,0.4588,1
1.7,0.6124,1
9.0,0.5574,1
7.1,-0.1027,1
4.9,0.4404,1
0.1,0.2263,1
6.6,0.4767,1
9.1,0.4588,1
7.1,0.4215,2
7.6,0.4939,1
9.2,0.0,5
0.4,-0.5423,2
6.4,-0.7269,1
3.1,-0.1531,1
1.3,-0.5106,1
7.5,0.4939,1
6.2,0.5859,1
9.1,0.0,4
2.0,0.296,1
6.3,0.5423,1
3.5,-0.4588,1
7.0,0.4588,1
9.9,0.6249,1
2.5,-0.4215,3
0.5,0.3612,1
3.9,-0.4767,1
4.3,-0.6597,1
2.1,-0.3612,1
5.0,-0.296,2
3.0,-0.4404,1
2.8,-0.5423,1
5.3,-0.1779,1
4.6,-0.25,1
2.1,-0.296,2
1.7,0.2023,1
10.0,0.4588,1
6.3,0.4927,1
2.2,-0.3612,1
6.8,0.5719,2
2.9,-0.2263,1
7.7,0.5719,3
3.1,-0.4767,2
8.8,0.5413,1
1.7,0.3612,1
6.6,0.4404,2
2.1,0.296,1
1.7,0.4215,1
7.4,0.6124,1
1.9,-0.6249,3
0.8,0.4019,1
7.5,0.0,7
10.0,0.3089,2
8.3,0.4939,1
3.2,-0.4939,1
5.3,0.3612,1
8.1,0.0,7
6.4,0.4404,1
5.7,-0.2732,1
3.7,-0.4201,1
1.8,-0.5256,1
3.5,-0.1695,1
9.0,0.0,5
6.3,-0.4391,1
0.6,-0.4767,2
9.3,0.0,3
0.2,0.3612,2
7.0,0.4404,2
1.4,-0.3182,1
5.0,0.0,4
1.7,-0.3182,1
1.9,-0.2732,1
8.1,0.4019,1
3.8,-0.3182,1
3.1,-0.5256,1
4.3,0.1512,1
4.5,-0.3412,1
9.7,0.5719,1
4.2,-0.4767,1
6.5,-0.296,1
5.4,-0.2263,1
1.6,-0.5106,1
5.3,-0.1695,1
2.4,0.6369,1
2.7,-0.7096,1
8.8,0.0,7
0.2,0.296,1
2.6,-0.2732,1
3.9,-0.6249,1
6.4,-0.2732,1
5.8,0.0,7
10.0,0.3818,1
8.9,-0.1027,2
9.2,0.4939,1
5.6,0.4019,1
5.3,-0.4019,1
8.9,0.4927,1
8.2,0.4019,1
2.6,0.4404,1
9.4,0.0,5
3.1,0.0,15
1.2,-0.2732,1
0.1,-0.5106,1
1.7,-0.4767,1
5.1,0.4215,1
8.9,0.0,6
9.3,0.4404,2
9.5,0.4404,1
7.1,0.5106,1
6.1,-0.4767,2
2.6,-0.5256,1
0.9,-0.2732,1
2.8,-0.5106,1
10.0,0.2732,1
1.9,-0.25,2
1.4,-0.5719,1
1.9,-0.4019,1
6.2,-0.3412,1
8.5,0.4404,1
9.7,0.6249,1
5.5,-0.5256,1
1.2,-0.5106,1
9.4,0.4588,1
4.3,-0.5423,1
4.3,0.2263,1
0.5,-0.6249,2
1.4,0.3612,2
5.1,-0.296,1
3.7,-0.25,1
9.3,0.5413,1
9.2,0.5719,1
0.9,-0.3818,1
8.4,0.5413,1
9.3,0.5859,1
2.8,-0.6369,1
1.4,-0.3612,1
8.4,0.4588,1
8.3,0.4404,1
9.0,0.4215,1
9.6,0.0,3
7.5,0.3089,2
0.2,-0.5859,1
2.6,0.0,15
4.1,-0.4404,1
9.2,0.4927,1
6.9,-0.296,1
7.1,0.0,11
1.5,-0.4939,2
4.8,-0.5256,1
8.3,0.5106,1
0.3,-0.3182,3
8.8,0.7184,2
5.0,0.2732,1
8.7,0.4927,2
2.4,-0.6249,1
2.1,0.4404,2
1.8,-0.6369,1
5.2,0.4939,1
0.5,-0.296,1
5.5,-0.25,1
2.8,-0.296,1
3.0,-0.6269,1
6.7,-0.1027,1
3.6,-0.6249,2
5.8,-0.2732,1
3.5,-0.3612,1
9.0,0.6249,1
4.6,0.25,1
8.2,0.5574,1
2.9,-0.4939,2
6.5,0.0,9
2.7,-0.4767,2
0.4,-0.6249,3
3.4,-0.3412,1
5.9,0.4019,1
9.5,0.4927,1
2.0,-0.6249,2
8.0,0.3612,1
0.2,-0.5256,1
10.0,0.4215,1
1.5,-0.4588,1
10.0,0.2023,1
1.8,-0.765,1
9.7,0.5106,1
0.5,-0.4019,2
4.0,-0.296,1
1.3,-0.3818,1
8.7,0.4404,3
9.1,0.6369,1
0.8,-0.3818,1
0.7,-0.25,1
4.3,0.4404,1
1.7,-0.6249,1
2.7,0.5106,1
8.5,0.5106,1
9.5,0.4767,1
10.0,0.5574,4
2.1,-0.25,1
4.9,-0.4939,1
6.2,-0.2732,1
3.4,0.3182,1
5.9,0.3612,1
3.8,-0.4767,1
7.2,0.6249,1
7.9,0.6124,1
9.4,0.7184,1
2.6,-0.3182,1
9.8,-0.2732,1
0.6,0.0,7
10.0,0.6369,5
9.4,0.3612,1
4.3,-0.4404,1
1.4,-0.4019,2
1.8,-0.296,1
6.3,-0.4939,2
7.9,0.4404,2
3.3,0.3818,1
5.8,0.4767,1
3.7,0.0,12
10.0,0.4754,1
4.7,-0.2263,1
3.8,0.3064,1
3.4,-0.6249,3
1.5,-0.3612,1
2.6,-0.4767,1
4.2,0.2263,1
3.9,-0.5256,1
3.8,0.296,1
3.1,-0.5413,1
5.1,0.3612,1
3.7,-0.4404,1
7.7,-0.3412,1
4.5,-0.4939,1
10.0,0.4404,5
1.6,-0.5859,1
5.3,0.2263,1
2.4,0.4939,1
4.2,0.296,1
0.2,0.4215,1
2.7,-0.6249,2
4.3,-0.3818,1
1.8,-0.2263,3
6.4,-0.5719,1
6.4,0.0,6
8.3,0.5719,2
7.1,0.4939,1
1.5,0.2023,1
2.2,-0.2732,1
3.1,-0.25,1
9.1,0.4927,1
7.9,0.0,7
1.8,-0.4939,4
0.7,-0.6249,2
4.8,0.0,4
9.5,0.3612,1
1.6,0.4404,1
4.5,0.0772,1
6.5,-0.4391,1
4.0,0.4939,1
0.9,0.1027,1
1.6,-0.4215,2
0.0,-0.6249,2
5.2,0.0,5
1.4,0.2584,1
5.5,0.2263,1
6.5,0.3612,1
4.9,0.0,11
0.7,0.0,14
9.0,0.3612,1
1.6,-0.2755,1
3.2,-0.6249,1
9.5,0.5413,1
7.2,0.2732,1
2.9,-0.6124,1
2.3,-0.4404,1
3.5,0.6249,1
6.9,0.4019,1
6.6,-0.2023,1
2.5,0.3089,1
2.6,-0.5719,1
10.0,0.6779,1
6.4,-0.4767,1
8.4,0.3612,2
1.3,-0.6124,1
8.1,0.4588,1
9.5,0.2263,1
7.7,0.5106,2
0.0,-0.3182,1
6.0,0.0,7
9.2,0.5574,1
7.8,0.0,7
9.4,-0.1027,1
5.1,0.2023,1
8.7,0.0,9
0.3,-0.6249,1
10.0,0.5106,7
8.0,-0.4939,1
0.7,-0.296,1
8.0,-0.2732,1
4.8,-0.4939,1
5.0,-0.2755,1
3.4,0.0258,1
1.7,0.0,20
1.4,-0.4767,1
9.0,0.4404,1
2.9,0.5719,1
0.9,-0.6249,1
5.6,0.4404,1
9.6,0.4404,1
8.6,0.5563,1
3.9,0.296,2
6.9,0.5563,1
7.6,0.4754,1
4.7,-0.4767,1
7.4,0.2263,2
9.7,0.4404,2
3.5,0.0,9
2.0,-0.4019,1
2.0,-0.5256,1
5.9,-0.0516,1
2.6,0.6369,1
3.5,0.4588,1
2.8,-0.3818,1
8.6,0.4404,3
7.6,-0.296,1
1.1,-0.2263,1
8.6,0.5413,1
9.6,0.4939,1
9.9,0.5719,1
5.0,0.2263,1
0.9,-0.4019,1
10.0,0.5413,3
9.8,0.5719,1
5.1,-0.4939,1
9.8,0.5859,2
2.9,-0.4767,1
7.8,0.5413,1
2.2,-0.4767,4
6.3,0.3182,1
1.6,-0.4767,4
7.1,0.7184,1
3.8,0.3612,1
2.2,0.4019,1
8.4,0.5719,1
2.0,-0.4404,1
4.5,-0.5256,1
2.5,0.0,14
7.1,0.34,1
4.5,0.1796,1
7.6,0.0,7
6.3,-0.6249,1
9.0,0.5106,1
2.0,0.0,20
2.5,-0.5256,2
4.2,-0.2755,1
